{"testcase": [{"a_i": [-4, -1], "w": [[-1, 0, -2, 0, -4, 2, 5, -2, 2, 1, 4, 2, -2, -4], [1, 0, -1, 5, 2, 2, 1, -4, -5, 1, -5, -1, 4, 0]], "c": "10004031304133412113203401202434122434340313312420340143230302444311410144134242324403414413032441433", "a": [[-4, -3, -2, -1, -1, -1, -1, -1, 0, -1, 0, 1, 1, 1, 1, 1, 0, 1, 2, 1, 2, 2, 1, 1, 1, 2, 1, 1, 0, -1, -1, 0, 0], [-1, 0, 1, 2, 3, 2, 3, 4, 4, 4, 4, 4, 5, 4, 3, 4, 3, 4, 4, 4, 4, 5, 5, 6, 7, 7, 7, 8, 8, 7, 8, 9, 10]], "p": [[-4.5, -4.5, -4.5, -4.5, -5.999999999999999, -4.5, -5.999999999999999, -7.499999999999998, -5.999999999999999, -7.499999999999998, -5.999999999999999, -4.5, -5.999999999999999, -4.5, -3.000000000000001, -4.5, -4.5, -4.5, -3.000000000000001, -4.5, -3.000000000000001, -4.5, -5.999999999999999, -7.499999999999998, -8.999999999999998, -7.499999999999999, -8.999999999999998, -10.499999999999998, -11.999999999999998, -11.999999999999998, -13.499999999999998, -13.499999999999998, -14.999999999999998], [-4.330127018922193, -2.5980762113533156, -0.8660254037844386, 0.8660254037844382, 1.7320508075688763, 0.866025403784438, 1.7320508075688763, 2.5980762113533147, 3.464101615137753, 2.5980762113533147, 3.464101615137753, 4.330127018922191, 5.196152422706629, 4.330127018922191, 3.4641016151377526, 4.330127018922191, 2.5980762113533142, 4.330127018922191, 5.196152422706629, 4.330127018922191, 5.196152422706629, 6.062177826491068, 5.196152422706629, 6.062177826491068, 6.928203230275506, 7.7942286340599445, 6.928203230275506, 7.7942286340599445, 6.928203230275506, 5.196152422706629, 6.062177826491068, 7.7942286340599445, 8.660254037844382]], "max": 19}, {"a_i": [0, -5], "w": [[-1, 0, -2, 0, 3, 4, 0, 4, -2, -3, 4, -4, -1, 5], [1, 0, -1, 5, 3, 4, 2, -5, 5, 3, -3, 3, -5, -4]], "c": "10030212041220112412232330023231202414301031013434143140342302110200221342104041431440312014341303243", "a": [[0, 1, 1, 1, 1, 2, 1, 0, 1, 2, 1, 2, 1, 0, -1, 0, 1, 1, 1, 1, 0, -1, -1, -1, -1, -1, 0, 0, 0, 0, 0, 0, 0, 0, 0, 0, -1, -2, -2, -2, -2, -1, 0], [-5, -4, -5, -4, -5, -4, -5, -6, -5, -4, -5, -5, -5, -5, -6, -6, -5, -6, -5, -4, -5, -6, -7, -8, -9, -10, -9, -8, -9, -10, -9, -8, -7, -8, -7, -8, -8, -8, -7, -8, -7, -6, -6]], "p": [[7.5, 7.5, 9.0, 7.5, 9.0, 9.0, 9.0, 9.0, 9.0, 9.0, 9.0, 10.5, 9.0, 7.5, 7.5, 9.0, 9.0, 10.5, 9.0, 7.500000000000001, 7.500000000000001, 7.500000000000001, 9.0, 10.5, 12.0, 13.5, 13.5, 12.0, 13.5, 15.0, 13.5, 12.0, 10.5, 12.0, 10.5, 12.0, 10.5, 9.0, 7.500000000000001, 9.0, 7.500000000000001, 7.500000000000001, 9.0], [-4.330127018922193, -2.5980762113533156, -3.4641016151377544, -2.598076211353316, -3.4641016151377544, -1.7320508075688774, -3.4641016151377544, -5.196152422706631, -3.4641016151377544, -1.7320508075688774, -3.4641016151377544, -2.598076211353316, -3.4641016151377544, -4.330127018922193, -6.0621778264910695, -5.196152422706631, -3.4641016151377544, -4.330127018922193, -3.4641016151377544, -2.598076211353316, -4.330127018922193, -6.0621778264910695, -6.928203230275508, -7.794228634059946, -8.660254037844386, -9.526279441628823, -7.794228634059946, -6.928203230275508, -7.794228634059946, -8.660254037844386, -7.794228634059947, -6.928203230275509, -6.06217782649107, -6.928203230275509, -6.06217782649107, -6.928203230275509, -7.794228634059947, -8.660254037844386, -7.794228634059947, -8.660254037844386, -7.794228634059947, -6.062177826491071, -5.196152422706633]], "max": 20}, {"a_i": [4, 1], "w": [[-1, 0, -2, 0, -1, -3, 0, -3, 1, -1, -4, 3, 5, 2], [1, 0, -1, 5, -5, -2, 4, 0, -2, 5, 1, 0, 3, 3]], "c": "11000111412244222202143144020303112044304414022244032002040030011431031110334242320120002423323002430", "a": [[4, 5, 6, 7, 8, 9, 10, 9, 8, 9, 10, 11, 12, 13, 12, 11, 11, 10, 9, 10, 11, 10, 9, 8, 8, 8, 8, 8, 8, 9, 10, 11, 10, 9, 8, 9, 8, 7, 6, 6, 7], [1, 2, 3, 4, 5, 6, 6, 6, 6, 7, 8, 9, 10, 11, 10, 9, 8, 7, 6, 7, 8, 8, 8, 8, 9, 10, 9, 8, 7, 7, 7, 7, 6, 6, 5, 6, 5, 4, 4, 3, 3]], "p": [[4.5, 4.5, 4.5, 4.5, 4.5, 4.5, 6.0, 4.5, 3.0, 3.0, 3.0, 3.0, 3.0, 3.0, 3.0, 3.0, 4.499999999999999, 4.499999999999999, 4.499999999999999, 4.499999999999999, 4.499999999999999, 3.0, 1.500000000000001, 2.220446049250313e-15, -1.499999999999997, -2.999999999999996, -1.499999999999997, 2.220446049250313e-15, 1.5000000000000013, 3.0, 4.499999999999998, 5.9999999999999964, 5.9999999999999964, 4.499999999999998, 4.499999999999998, 4.499999999999998, 4.499999999999998, 4.499999999999998, 3.0, 4.499999999999998, 5.9999999999999964], [4.330127018922193, 6.0621778264910695, 7.794228634059946, 9.526279441628823, 11.2583302491977, 12.990381056766577, 13.856406460551016, 12.990381056766577, 12.124355652982137, 13.856406460551014, 15.58845726811989, 17.320508075688767, 19.052558883257646, 20.78460969082652, 19.052558883257646, 17.32050807568877, 16.454482671904334, 14.722431864335457, 12.99038105676658, 14.722431864335457, 16.454482671904334, 15.588457268119896, 14.722431864335459, 13.856406460551021, 14.722431864335459, 15.588457268119896, 14.722431864335459, 13.856406460551021, 12.990381056766584, 13.856406460551021, 14.722431864335459, 15.588457268119896, 13.856406460551021, 12.990381056766584, 11.258330249197709, 12.990381056766584, 11.258330249197709, 9.526279441628834, 8.660254037844396, 7.794228634059959, 8.660254037844396]], "max": 25}, {"a_i": [4, 3], "w": [[-1, 0, -2, 0, 2, 0, -3, -2, -2, 0, -1, 2, 5, 5], [1, 0, -1, 5, 5, -1, 3, -1, -2, -4, -4, -4, 4, 0]], "c": "11320212421204444011013024000022331042041111220442111402441123410120334243430321230340024141122343140", "a": [[4, 4, 4, 4, 4, 3, 4, 3, 2, 1, 2, 3, 4, 4, 5, 4, 3, 2, 1, 2, 3, 2, 3, 4, 5, 4, 3, 2, 3, 2, 1, 2, 2, 1, 2, 1, 0, 1, 1, 1, 1, 1, 2], [3, 2, 1, 2, 1, 0, 1, 0, 0, 0, 1, 1, 1, 0, 1, 1, 1, 1, 1, 1, 1, 0, 1, 2, 3, 3, 2, 1, 2, 1, 0, 1, 2, 2, 2, 2, 1, 1, 0, -1, 0, 1, 1]], "p": [[1.5, 3.0, 4.5, 3.0, 4.5, 4.5, 4.5, 4.5, 3.000000000000001, 1.5000000000000018, 1.5000000000000016, 3.000000000000001, 4.5, 5.999999999999999, 5.999999999999999, 4.5, 3.000000000000001, 1.500000000000002, 3.1086244689504383e-15, 1.500000000000002, 3.000000000000001, 3.0000000000000013, 3.000000000000001, 3.0000000000000004, 3.0, 1.5000000000000013, 1.5000000000000018, 1.5000000000000022, 1.5000000000000018, 1.5000000000000022, 1.5000000000000027, 1.5000000000000022, 3.1086244689504383e-15, -1.4999999999999956, 3.1086244689504383e-15, -1.4999999999999956, -1.4999999999999951, 3.1086244689504383e-15, 1.5000000000000018, 3.0000000000000004, 1.5000000000000018, 3.1086244689504383e-15, 1.500000000000001], [6.06217782649107, 5.196152422706632, 4.330127018922194, 5.196152422706632, 4.330127018922194, 2.598076211353317, 4.330127018922194, 2.598076211353317, 1.7320508075688785, 0.86602540378444, 2.5980762113533165, 3.464101615137755, 4.330127018922194, 3.4641016151377557, 5.196152422706632, 4.330127018922194, 3.4641016151377553, 2.598076211353317, 1.7320508075688785, 2.598076211353317, 3.4641016151377553, 1.7320508075688792, 3.4641016151377553, 5.196152422706631, 6.928203230275507, 6.062177826491069, 4.330127018922193, 2.598076211353317, 4.330127018922193, 2.598076211353317, 0.8660254037844408, 2.598076211353317, 3.4641016151377544, 2.598076211353316, 3.4641016151377544, 2.598076211353316, 0.8660254037844404, 1.7320508075688785, 0.8660254037844413, 3.9968028886505635e-15, 0.8660254037844413, 1.7320508075688785, 2.598076211353317]], "max": 11}, {"a_i": [-5, -3], "w": [[-1, 0, -2, 0, 3, 3, 2, 5, -2, 2, 2, 1, 3, 5], [1, 0, -1, 5, 0, 5, 5, -2, 0, 5, -2, 0, 4, -1]], "c": "11004214122242134004443112314033234140402020140313331231431034430221340143400412112141224231423301431", "a": [[-5, -4, -3, -4, -3, -3, -3, -3, -3, -2, -3, -3, -3, -3, -4, -3, -4, -4, -4, -4, -4, -4, -4, -3, -2, -3, -4, -3, -2, -3, -2, -3, -4, -3, -4, -5, -4, -3, -3, -4, -4, -5, -6], [-3, -2, -1, -1, -1, -2, -1, 0, 1, 2, 1, 2, 3, 2, 2, 3, 2, 1, 0, 1, 2, 1, 2, 2, 2, 2, 2, 2, 2, 1, 2, 1, 0, 1, 0, 0, 0, 0, -1, -1, -2, -3, -4]],